timestamp,id,name,category,ask,market_median,net_margin_pct,profit_per_unit,liq_per_day,block
2026-06-27T15:13:31.771191+00:00,gn976,Очищенное вещество 07270,other,26471,35000,25.6,6779,9217.2,5–50k
2026-06-27T15:13:31.771191+00:00,qoq6,Солнце,artefact/thermal,58500,221000,258.9,151450,1324.7,50–100k
2026-06-27T15:13:31.771191+00:00,1pyq,Оружейный модуль,weapon_modules/weapon_module,37000,327776,741.6,274387,4835.3,5–50k
2026-06-27T15:13:31.771191+00:00,4lml,Змеиный глаз,artefact/biochemical,48000,160278,217.2,104264,1421.1,5–50k
2026-06-27T15:13:31.771191+00:00,m0pyj,Аномальное шампанское,supply/drink,15000,18990,20.3,3041,1459.2,5–50k
2026-06-27T15:13:31.771191+00:00,zypm,Золотистая Прима,artefact/gravity,9000,78000,723.3,65100,1005.6,5–50k
2026-06-27T15:13:31.771191+00:00,j5qd4,Сумка СБП 7.62 мм,bullet,15000,21000,33.0,4950,358.4,5–50k
2026-06-27T15:13:31.771191+00:00,5r5g,Ледяной ежик,artefact/electrophysical,9000,90000,850.0,76500,1111.4,5–50k
2026-06-27T15:13:31.771191+00:00,kqgy,Браслет,artefact/gravity,90000,206500,118.0,106175,1472.2,50–100k
2026-06-27T15:13:31.771191+00:00,vnqnd,Экранированный схрон мастера,other,140000,224999,52.7,73749,1130.4,100–500k
2026-06-27T15:13:31.771191+00:00,4qd3p,Уха из сома «Дворянская»,supply/food,7500,9995,26.6,1995,1303.9,5–50k
2026-06-27T15:13:31.771191+00:00,5rd1,Стальной Ежик,artefact/biochemical,40000,80000,90.0,36000,984.4,5–50k
2026-06-27T15:13:31.771191+00:00,gyq5,Спираль,artefact/electrophysical,30000,220000,596.7,179000,1654.1,5–50k
2026-06-27T15:13:31.771191+00:00,ljpq,Многогранник,artefact/biochemical,58000,144500,136.7,79275,712.4,50–100k
2026-06-27T15:13:31.771191+00:00,kqr0,Гелий,artefact/electrophysical,45000,550000,1061.1,477500,1435.6,5–50k
2026-06-27T15:13:31.771191+00:00,5rwq,Осколок,artefact/electrophysical,49000,190000,268.4,131500,734.6,5–50k
2026-06-27T15:13:31.771191+00:00,wglp,Ветка Калины,artefact/thermal,70000,610000,727.9,509500,860.0,50–100k
2026-06-27T15:13:31.771191+00:00,4lkp,Лампочка Ильича,artefact/electrophysical,13000,40000,192.3,25000,623.4,5–50k
2026-06-27T15:13:31.771191+00:00,kqp0,Жар-птица,artefact/thermal,10000,78000,641.0,64100,550.6,5–50k
2026-06-27T15:13:31.771191+00:00,kr53y,Корень-липучка,other,5500,8000,38.2,2100,1283.0,5–50k
2026-06-27T15:13:31.771191+00:00,y5jk,Жильник,artefact/gravity,5800,99500,1529.7,88725,644.5,5–50k
2026-06-27T15:13:31.771191+00:00,49zn,Нервяк,artefact/other_arts,78000,900000,996.2,777000,493.9,50–100k
2026-06-27T15:13:31.771191+00:00,w4jo,Черная дыра,artefact/other_arts,160000,1649995,879.7,1407495,483.1,100–500k
2026-06-27T15:13:31.771191+00:00,y5yw,Гантель,artefact/gravity,44000,70500,52.2,22975,500.7,5–50k
2026-06-27T15:13:31.771191+00:00,ljrj,Радиатор,artefact/thermal,58000,91250,49.5,28688,533.1,50–100k
2026-06-27T15:13:31.771191+00:00,y5k0,Вихрь,artefact/thermal,135000,735000,417.2,563250,557.2,100–500k
2026-06-27T15:13:31.771191+00:00,gy06,Ершик,artefact/biochemical,63200,99998,50.3,31799,473.0,50–100k
2026-06-27T15:13:31.771191+00:00,zy32,Батарейка,artefact/electrophysical,5000,29995,469.9,23495,222.7,5–50k
2026-06-27T15:13:31.771191+00:00,jkj4,Ряска,artefact/biochemical,18000,25000,31.9,5750,659.0,5–50k
2026-06-27T15:13:31.771191+00:00,kqoj,Каблук,artefact/thermal,60000,400000,533.3,320000,336.9,50–100k
2026-06-27T15:13:31.771191+00:00,5rg1,Проклятая роза,artefact/gravity,14800,47500,204.9,30325,501.7,5–50k
2026-06-27T15:13:31.771191+00:00,j3p6,Смольник,artefact/other_arts,150000,1955555,1138.5,1707777,452.2,100–500k
2026-06-27T15:13:31.771191+00:00,qo06,Трансформатор,artefact/electrophysical,51000,100000,86.3,44000,524.3,50–100k
2026-06-27T15:13:31.771191+00:00,gyg5,Креветка,artefact/gravity,5100,38000,607.8,31000,516.2,5–50k
2026-06-27T15:13:31.771191+00:00,wg53,Атом,artefact/electrophysical,199990,717500,240.8,481635,464.4,100–500k
2026-06-27T15:13:31.771191+00:00,m0wdy,Ящик гранат «Подорожник»,misc,12000,29000,129.6,15550,1410.6,5–50k
2026-06-27T15:13:31.771191+00:00,y5w3,Призма,artefact/electrophysical,230000,999999,313.0,719999,409.9,100–500k
2026-06-27T15:13:31.771191+00:00,5rpq,Янтарник,artefact/gravity,49500,70000,34.3,17000,450.6,5–50k
2026-06-27T15:13:31.771191+00:00,qo59,Жвачка,artefact/biochemical,54000,119500,110.2,59525,461.7,50–100k
2026-06-27T15:13:31.771191+00:00,wg3p,Дезинтегратор,artefact/electrophysical,8880,20000,114.0,10120,341.0,5–50k
2026-06-27T15:13:31.771191+00:00,022k,Сверло,misc,45000,59000,24.6,11050,268.9,5–50k
2026-06-27T15:13:31.771191+00:00,g34p,Юла,artefact/biochemical,140000,1438888,876.4,1226944,345.2,100–500k
2026-06-27T15:13:31.771191+00:00,wgzd,Остов,artefact/gravity,48000,73500,45.5,21825,446.6,5–50k
2026-06-27T15:13:31.771191+00:00,4l1r,Протоцибуля,artefact/gravity,14000,38000,157.9,22100,337.0,5–50k
2026-06-27T15:13:31.771191+00:00,zjzn,Полено,artefact/other_arts,50000,2798444,5217.0,2608521,128.9,50–100k
2026-06-27T15:13:31.771191+00:00,1kdg,Липкий репях,artefact/biochemical,5000,22000,318.0,15900,251.0,5–50k
2026-06-27T15:13:31.771191+00:00,k3yv,Обруч,artefact/other_arts,50000,1850000,3415.0,1707500,183.1,50–100k
2026-06-27T15:13:31.771191+00:00,qodk,Бубльгум,artefact/other_arts,195000,1340000,552.8,1078000,140.0,100–500k
2026-06-27T15:13:31.771191+00:00,wgwz,Фаренгейт,artefact/thermal,9800,1625000,15652.6,1533950,111.7,5–50k
2026-06-27T15:13:31.771191+00:00,wgr3,Темный кристалл,artefact/gravity,9000,15000,58.3,5250,116.1,5–50k
2026-06-27T15:13:31.771191+00:00,wgvd,Чернильница,artefact/biochemical,14000,17745,20.4,2858,109.0,5–50k
2026-06-27T15:13:31.771191+00:00,j306,Всполох,artefact/other_arts,25000,280000,964.0,241000,127.4,5–50k
2026-06-27T15:13:31.771191+00:00,jky6,Изюм,artefact/other_arts,280000,652275,121.3,339661,107.4,100–500k
2026-06-27T15:13:31.771191+00:00,y5m3,Криоген,artefact/gravity,9000,32000,237.8,21400,162.3,5–50k
2026-06-27T15:13:31.771191+00:00,jkq7,Магма,artefact/thermal,189990,334166,67.1,127468,113.2,100–500k
2026-06-27T15:13:31.771191+00:00,ljn2,Морозец,artefact/thermal,240000,1625000,543.2,1303750,102.4,100–500k
2026-06-27T15:13:31.771191+00:00,qo94,Куриный бог,artefact/thermal,12000,240000,1800.0,216000,106.2,5–50k
2026-06-27T15:13:31.771191+00:00,q1lk,Жабры,artefact/other_arts,49000,1275000,2371.9,1162250,97.1,5–50k
2026-06-27T15:13:31.771191+00:00,7z77,Желе,artefact/other_arts,99999,2799995,2560.0,2559996,105.3,50–100k
2026-06-27T15:13:31.771191+00:00,rn1z,Опал,artefact/thermal,200000,2774999,1218.1,2436249,103.9,100–500k
2026-06-27T15:13:31.771191+00:00,6goy,Петля,artefact/other_arts,74500,800000,920.1,685500,94.3,50–100k
2026-06-27T15:13:31.771191+00:00,k3rv,Чертов еж,artefact/other_arts,50000,350000,565.0,282500,96.7,50–100k
2026-06-27T15:13:31.771191+00:00,gy7p,Сетчатка,artefact/other_arts,36000,162500,328.8,118375,92.7,5–50k
2026-06-27T15:13:31.771191+00:00,jkml,Глаз бури,artefact/thermal,70000,136000,84.6,59200,89.5,50–100k
2026-06-27T15:13:31.771191+00:00,q10k,Звено,artefact/other_arts,105000,305000,176.0,184750,88.6,100–500k
2026-06-27T15:13:31.771191+00:00,w4no,Канифоль,artefact/other_arts,24000,292500,1057.8,253875,74.0,5–50k
2026-06-27T15:13:31.771191+00:00,lj0j,Катушка,artefact/electrophysical,140000,284000,92.7,129800,75.7,100–500k
2026-06-27T15:13:31.771191+00:00,kq4v,Темная калина,artefact/other_arts,184000,933838,382.1,703146,69.2,100–500k
2026-06-27T15:13:31.771191+00:00,51l0,Харя,artefact/other_arts,48000,475000,840.1,403250,55.0,5–50k
2026-06-27T15:13:31.771191+00:00,y5ro,Яйцо,artefact/other_arts,85000,174722,95.3,80986,67.5,50–100k
2026-06-27T15:13:31.771191+00:00,lyl22,«Погоня»,other,320000,400000,18.7,60000,49.3,100–500k
2026-06-27T15:13:31.771191+00:00,yq3o,Личинка,artefact/other_arts,60000,221995,251.5,150895,43.7,50–100k
2026-06-27T15:13:31.771191+00:00,j5pd0,Ящик гранат «Гром»,misc,21100,32218,45.1,9507,49.1,5–50k
2026-06-27T15:13:31.771191+00:00,zyqk,Хрусталь,artefact/thermal,12000,100000,691.7,83000,46.9,5–50k
2026-06-27T15:13:31.771191+00:00,1r6wq,ZIVCAS Prototype 71790,other,70000,99990,35.7,24990,39.3,50–100k
2026-06-27T15:13:31.771191+00:00,vjy0n,«Шапочка из фольги»,supply/drink,12000,15500,22.7,2725,32.0,5–50k
2026-06-27T15:13:31.771191+00:00,qokj,Тыква,artefact/gravity,185000,280000,43.8,81000,33.8,100–500k
2026-06-27T15:13:31.771191+00:00,zymn,Смалец,artefact/other_arts,18000,70000,269.4,48500,31.8,5–50k
2026-06-27T15:13:31.771191+00:00,04yr,Виток,artefact/biochemical,168880,1522222,756.3,1277231,27.2,100–500k
2026-06-27T15:13:31.771191+00:00,gyln,Иней,artefact/thermal,5000,65000,1135.0,56750,34.6,5–50k
2026-06-27T15:13:31.771191+00:00,dmzn9,Серия «Цельнометаллический»,other,100000,129000,22.6,22550,42.2,100–500k
2026-06-27T15:13:31.771191+00:00,rwl5v,Сумка 5.56 «Курчатов»,bullet,20000,31000,47.3,9450,25.0,5–50k
2026-06-27T15:13:31.771191+00:00,g4w7g,«Уцелевший»,other,40000,75000,78.1,31250,21.6,5–50k
2026-06-27T15:13:31.771191+00:00,1kw1,Кристалл Изнанки,artefact/other_arts,25000,79994,204.0,50995,23.7,5–50k
2026-06-27T15:13:31.771191+00:00,7l1z6,Сумка Баррикад,bullet,35999,72611,91.6,32981,15.0,5–50k
2026-06-27T15:13:31.771191+00:00,4lpo,Статик,artefact/gravity,100000,389440,270.0,269968,21.2,100–500k
2026-06-27T15:13:31.771191+00:00,y9go,Баррикада,bullet,10000,14998,42.5,4248,21.5,5–50k
2026-06-27T15:13:31.771191+00:00,rnvg,Шишка,artefact/thermal,160000,316666,88.0,140833,21.0,100–500k
2026-06-27T15:13:31.771191+00:00,wgko,Роза Изнанки,artefact/other_arts,44000,975000,2005.1,882250,24.5,5–50k
2026-06-27T15:13:31.771191+00:00,5rm0,Ключик,artefact/other_arts,60000,289444,358.3,214972,23.1,50–100k
2026-06-27T15:13:31.771191+00:00,4nnj,Гремучая ртуть,misc,6667,10500,49.6,3308,26.5,5–50k
2026-06-27T15:13:31.771191+00:00,4lrn,Висмут,artefact/other_arts,44000,76833,65.9,28991,16.6,5–50k
2026-06-27T15:13:31.771191+00:00,kmmj,Промышленный растворитель,misc,10000,15000,42.5,4250,16.6,5–50k
2026-06-27T15:13:31.771191+00:00,969r0,«Цунами»,weapon/submachine_gun,259000,399999,46.7,120999,8.2,100–500k
2026-06-27T15:13:31.771191+00:00,vj5rd,Камуфляж «Березка» обр. 1943 г.,other,50000,66833,27.0,13491,7.0,50–100k
2026-06-27T15:32:18.047401+00:00,gn976,Очищенное вещество 07270,other,26471,34000,22.0,5829,10182.9,5–50k
2026-06-27T15:32:18.047401+00:00,9yow,Ядро модуля,weapon_modules/weapon_module_core,27800,108888,272.1,75644,7650.8,5–50k
2026-06-27T15:32:18.047401+00:00,qoq6,Солнце,artefact/thermal,57900,825000,1253.6,725850,1270.4,50–100k
2026-06-27T15:32:18.047401+00:00,1pyq,Оружейный модуль,weapon_modules/weapon_module,35000,150000,307.1,107500,5631.1,5–50k
2026-06-27T15:32:18.047401+00:00,4lml,Змеиный глаз,artefact/biochemical,50000,172500,227.8,113875,1291.7,50–100k
2026-06-27T15:32:18.047401+00:00,m0pyj,Аномальное шампанское,supply/drink,15000,18990,20.3,3041,1334.0,5–50k
2026-06-27T15:37:54.337063+00:00,9yow,Ядро модуля,weapon_modules/weapon_module_core,29000,109500,258.7,75025,12047.3,5–50k
2026-06-27T15:37:54.337063+00:00,qoq6,Солнце,artefact/thermal,60000,850000,1245.8,747500,1218.5,50–100k
2026-06-27T15:37:54.337063+00:00,1pyq,Оружейный модуль,weapon_modules/weapon_module,35000,150000,307.1,107500,5193.4,5–50k
2026-06-27T15:37:54.337063+00:00,4lml,Змеиный глаз,artefact/biochemical,50000,180500,242.9,121475,1247.4,50–100k
2026-06-27T15:50:00.332994+00:00,qoq6,Солнце,artefact/thermal,60000,1625000,2472.9,1483750,1171.4,50–100k
2026-06-27T15:50:00.332994+00:00,mrwr7,Схрон мастера,other,70000,104500,41.8,29275,2800.8,50–100k
2026-06-27T15:50:00.332994+00:00,1pyq,Оружейный модуль,weapon_modules/weapon_module,35000,300000,714.3,250000,4027.1,5–50k
2026-06-27T15:50:00.332994+00:00,4lml,Змеиный глаз,artefact/biochemical,50000,595000,1030.5,515250,1148.1,50–100k
2026-06-27T17:12:32.718211+00:00,qjqw9,Стандартные инструменты,other,6000,11500,82.1,4925,9177.7,5–50k
2026-06-27T17:12:32.718211+00:00,l0og1,Стандартные запчасти,other,10000,13000,23.5,2350,4406.8,5–50k
2026-06-27T17:12:32.718211+00:00,zzqn9,Коктейль «Незабываемый»,supply/drink,9980,13794,31.3,3124,10330.4,5–50k
2026-06-27T17:12:32.718211+00:00,mrwr7,Схрон мастера,other,45000,105000,121.7,54750,1761.1,5–50k
2026-06-27T17:12:32.718211+00:00,m0pyj,Аномальное шампанское,supply/drink,14286,19300,28.3,4049,1676.5,5–50k
2026-06-27T17:12:32.718211+00:00,kqgy,Браслет,artefact/gravity,55000,85000,46.8,25750,246.6,50–100k
2026-06-27T17:12:32.718211+00:00,4qd3p,Уха из сома «Дворянская»,supply/food,7500,11400,44.4,3330,11210.5,5–50k
2026-06-27T17:39:25.225107+00:00,mrwr7,Схрон мастера,other,45000,106800,125.5,56460,1540.9,5–50k
2026-06-27T17:39:25.225107+00:00,gyq5,Спираль,artefact/electrophysical,20000,26995,28.2,5645,181.0,5–50k
2026-06-27T18:00:56.121051+00:00,kqr0,Гелий,artefact/electrophysical,4050000,4694995,10.1,410245,15.9,1–5M
2026-06-27T18:31:42.319884+00:00,4lml,Змеиный глаз,artefact/biochemical,139999,170000,15.4,21501,128.6,100k–1M
2026-06-27T18:31:42.319884+00:00,y5jk,Жильник,artefact/gravity,220000,299999,29.5,64999,11.7,100k–1M
2026-06-27T18:31:42.319884+00:00,y5k0,Вихрь,artefact/thermal,200000,260000,23.5,47000,109.9,100k–1M
2026-06-27T18:31:42.319884+00:00,wgwz,Фаренгейт,artefact/thermal,333333,480000,36.8,122667,32.2,100k–1M
2026-06-27T18:31:42.319884+00:00,5rzo,Корка,artefact/thermal,7300000,9000000,17.1,1250000,5.2,5M+
2026-06-27T18:31:42.319884+00:00,ljn2,Морозец,artefact/thermal,190000,240000,20.0,38000,10.3,100k–1M
2026-06-27T18:31:42.319884+00:00,q1lk,Жабры,artefact/other_arts,130000,175000,27.9,36250,16.7,100k–1M
2026-06-27T18:31:42.319884+00:00,rn1z,Опал,artefact/thermal,150000,195000,23.5,35250,12.8,100k–1M
2026-06-27T18:31:42.319884+00:00,k3rv,Чертов еж,artefact/other_arts,2100000,2492500,12.8,267875,13.4,1–5M
2026-06-27T18:31:42.319884+00:00,w4no,Канифоль,artefact/other_arts,17600000,23111110,24.7,4355555,7.8,5M+
2026-06-27T18:31:42.319884+00:00,lj0j,Катушка,artefact/electrophysical,176666,284999,53.3,94083,39.4,100k–1M
2026-06-27T18:31:42.319884+00:00,4lpo,Статик,artefact/gravity,690000,999994,37.7,259995,5.1,100k–1M
2026-06-27T18:31:42.319884+00:00,rnvg,Шишка,artefact/thermal,280000,350000,18.8,52500,5.6,100k–1M
2026-06-27T18:31:42.319884+00:00,y35l3,УКАЗ «Спаннер»,armor/combined,2000000,2425000,15.2,303750,7.7,1–5M
2026-06-27T18:31:42.319884+00:00,969r0,«Цунами»,weapon/submachine_gun,299990,399999,26.7,80009,8.2,100k–1M
2026-06-27T19:36:31.213209+00:00,wglp,Ветка Калины,artefact/thermal,110000,149500,29.1,32025,163.4,100k–1M
2026-06-27T19:36:31.213209+00:00,kqoj,Каблук,artefact/thermal,280190,398000,34.9,97910,50.8,100k–1M
2026-06-27T19:36:31.213209+00:00,zjzn,Полено,artefact/other_arts,250000,360000,36.8,92000,28.5,100k–1M
2026-06-27T19:36:31.213209+00:00,qodk,Бубльгум,artefact/other_arts,2050000,2389880,10.8,220386,67.6,1–5M
2026-06-27T19:36:31.213209+00:00,wgwz,Фаренгейт,artefact/thermal,310000,480000,47.1,146000,31.5,100k–1M
2026-06-27T19:36:31.213209+00:00,j306,Всполох,artefact/other_arts,200000,278388,32.2,64469,37.1,100k–1M
2026-06-27T19:36:31.213209+00:00,ljn2,Морозец,artefact/thermal,180000,240000,26.7,48000,8.3,100k–1M
2026-06-27T19:36:31.213209+00:00,k3rv,Чертов еж,artefact/other_arts,110000,134999,16.6,18249,28.3,100k–1M
2026-06-27T19:36:31.213209+00:00,gy7p,Сетчатка,artefact/other_arts,1200000,1400000,10.8,130000,24.2,1–5M
2026-06-27T19:36:31.213209+00:00,2oddv,«Образец S110»,other,249999,350000,33.0,82501,73.1,100k–1M
2026-06-27T19:36:31.213209+00:00,y5ro,Яйцо,artefact/other_arts,120000,170000,34.6,41500,19.7,100k–1M
2026-06-27T19:36:31.213209+00:00,zj1k,Контейнер «Кега»,containers,486000,635165,24.2,117407,37.4,100k–1M
2026-06-27T19:36:31.213209+00:00,gmy0,Очищающий реагент,misc,675000,869000,22.3,150550,7.9,100k–1M
2026-06-27T19:54:36.765332+00:00,qodk,Бубльгум,artefact/other_arts,1200000,1399999,10.8,129999,8.0,1–5M
2026-06-27T19:54:36.765332+00:00,kq4v,Темная калина,artefact/other_arts,160000,207777,23.4,37388,24.3,100k–1M
2026-06-27T19:54:36.765332+00:00,4lpo,Статик,artefact/gravity,650000,999994,46.2,299995,5.1,100k–1M
2026-06-27T19:54:36.765332+00:00,o335,Контейнер «КЗС-2У»,containers,125000,190000,44.4,55500,18.7,100k–1M
2026-06-27T19:54:36.765332+00:00,6wvqy,Прицел коллиматорный Панорама,attachment/collimator_sights,1300000,1700000,24.2,315000,15.8,1–5M
2026-06-27T19:54:36.765332+00:00,m0jyj,Премиум на 1 день,other,1500000,1894440,20.0,299718,7.9,1–5M
2026-06-28T09:12:37.301315+00:00,vnqnd,Экранированный схрон мастера,other,150000,199990,26.7,39990,956.0,100k–1M
2026-06-28T09:12:37.301315+00:00,wg53,Атом,artefact/electrophysical,1750000,2099995,14.0,244995,18.6,1–5M
2026-06-28T09:12:37.301315+00:00,zjzn,Полено,artefact/other_arts,277777,340000,16.3,45223,21.7,100k–1M
2026-06-28T09:12:37.301315+00:00,wgwz,Фаренгейт,artefact/thermal,279999,390000,32.3,90501,28.2,100k–1M
2026-06-28T09:12:37.301315+00:00,5lnp0,СОК-94,weapon/sniper_rifle,150000,200000,26.7,40000,130.5,100k–1M
2026-06-28T09:12:37.301315+00:00,5rzo,Корка,artefact/thermal,700000,955555,29.7,207777,5.2,100k–1M
2026-06-28T09:12:37.301315+00:00,ljn2,Морозец,artefact/thermal,190000,230000,15.0,28500,8.1,100k–1M
2026-06-28T09:12:37.301315+00:00,7z77,Желе,artefact/other_arts,255555,367500,36.6,93570,18.9,100k–1M
2026-06-28T09:12:37.301315+00:00,k3rv,Чертов еж,artefact/other_arts,2098990,2455000,11.1,233260,12.2,1–5M
2026-06-28T09:12:37.301315+00:00,4lpo,Статик,artefact/gravity,780000,999000,21.7,169050,5.6,100k–1M
2026-06-28T09:12:37.301315+00:00,rnvg,Шишка,artefact/thermal,250000,350000,33.0,82500,5.6,100k–1M
2026-06-28T09:12:37.301315+00:00,vjg2d,MPL-2,other,5333333,6738888,20.0,1068611,7.2,5M+
2026-06-28T10:00:53.093691+00:00,vnqnd,Экранированный схрон мастера,other,120000,190000,50.4,60500,7761.9,100k–1M
2026-06-28T10:00:53.093691+00:00,w4jo,Черная дыра,artefact/other_arts,175000,219990,19.4,33990,28.2,100k–1M
2026-06-28T10:00:53.093691+00:00,g34p,Юла,artefact/biochemical,5000000,5988888,13.8,689444,30.9,5M+
2026-06-28T10:00:53.093691+00:00,zjzn,Полено,artefact/other_arts,250000,333333,26.7,66666,22.2,100k–1M
2026-06-28T11:02:16.771666+00:00,kqgy,Браслет,artefact/gravity,1000000,1242217,18.0,180106,59.1,1–5M
2026-06-28T11:02:16.771666+00:00,5rwq,Осколок,artefact/electrophysical,350000,472500,28.2,98875,6.2,100k–1M
2026-06-28T11:02:16.771666+00:00,w4jo,Черная дыра,artefact/other_arts,150000,217495,37.7,56620,31.8,100k–1M
2026-06-28T11:02:16.771666+00:00,5rg1,Проклятая роза,artefact/gravity,165000,199999,15.2,24999,35.6,100k–1M
2026-06-28T11:02:16.771666+00:00,jkq7,Магма,artefact/thermal,140000,174945,18.7,26198,5.1,100k–1M
2026-06-28T11:02:16.771666+00:00,vjr47,«Der schwarze Tod»,other,275000,350000,20.9,57500,64.2,100k–1M
2026-06-28T11:02:16.771666+00:00,34zvl,Ретранслятор «Бета»,other,1000000,1199000,13.9,139050,60.4,1–5M
2026-06-28T12:00:54.065266+00:00,3g72l,Набор планок для ППШ,attachment/forend,140000,179000,21.5,30050,49.7,100k–1M
2026-06-28T12:00:54.065266+00:00,p6rm6,ППШ,weapon/submachine_gun,220000,290000,25.2,55500,77.1,100k–1M
2026-06-28T12:00:54.065266+00:00,04yr,Виток,artefact/biochemical,155000,199994,22.6,34995,9.9,100k–1M
2026-06-28T12:00:54.065266+00:00,7lrr9,«Грех»,other,120000,150000,18.8,22500,27.0,100k–1M
2026-06-28T12:00:54.065266+00:00,969r0,«Цунами»,weapon/submachine_gun,330000,399999,15.2,49999,8.3,100k–1M
2026-06-28T13:00:57.034196+00:00,vnqnd,Экранированный схрон мастера,other,120000,195000,54.4,65250,4438.8,100k–1M
2026-06-28T13:00:57.034196+00:00,49zn,Нервяк,artefact/other_arts,325000,430000,25.7,83500,23.0,100k–1M
2026-06-28T13:00:57.034196+00:00,w4jo,Черная дыра,artefact/other_arts,550000,799999,38.2,209999,19.2,100k–1M
2026-06-28T13:00:57.034196+00:00,wgwz,Фаренгейт,artefact/thermal,285000,385001,28.3,80751,29.3,100k–1M
2026-06-28T13:00:57.034196+00:00,7z77,Желе,artefact/other_arts,255555,370000,37.5,95945,19.4,100k–1M
2026-06-28T13:00:57.034196+00:00,k3rv,Чертов еж,artefact/other_arts,2090000,2420000,10.0,209000,11.7,1–5M
2026-06-28T13:00:57.034196+00:00,q2wk,Воздуховод,misc,550000,687888,18.8,103494,48.4,100k–1M
2026-06-28T13:00:57.034196+00:00,okvm5,«Ночная охота»,other,230000,290000,19.8,45500,34.3,100k–1M
2026-06-28T13:00:57.034196+00:00,0r32k,«Взгляд хищника»,other,180000,239999,26.7,47999,31.0,100k–1M
2026-06-28T13:00:57.034196+00:00,rnvg,Шишка,artefact/thermal,280000,350000,18.8,52500,5.4,100k–1M
2026-06-28T13:00:57.034196+00:00,969jz,Steyr AUG A2,weapon/assault_rifle,484888,588000,15.2,73712,15.1,100k–1M
2026-06-28T14:00:53.448586+00:00,gyq5,Спираль,artefact/electrophysical,169999,240000,34.1,58001,34.1,100k–1M
2026-06-28T14:00:53.448586+00:00,5rwq,Осколок,artefact/electrophysical,133333,165000,17.6,23417,127.6,100k–1M
2026-06-28T14:00:53.448586+00:00,1rl61,Хроносфера,misc,215999,262500,15.5,33376,522.9,100k–1M
2026-06-28T14:00:53.448586+00:00,49zn,Нервяк,artefact/other_arts,295000,460000,48.1,142000,15.2,100k–1M
2026-06-28T14:00:53.448586+00:00,y5yw,Гантель,artefact/gravity,100000,123333,17.2,17166,52.0,100k–1M
2026-06-28T14:00:53.448586+00:00,5rg1,Проклятая роза,artefact/gravity,155550,194000,18.5,28750,36.1,100k–1M
2026-06-28T14:00:53.448586+00:00,jkq7,Магма,artefact/thermal,222222,290000,24.0,53278,52.4,100k–1M
2026-06-28T14:00:53.448586+00:00,7z77,Желе,artefact/other_arts,240000,370000,46.5,111500,15.3,100k–1M
2026-06-28T14:00:53.448586+00:00,rnvg,Шишка,artefact/thermal,250000,350000,33.0,82500,5.4,100k–1M
2026-06-28T14:00:53.448586+00:00,y35l3,УКАЗ «Спаннер»,armor/combined,2000000,2390000,13.5,270500,8.1,1–5M
2026-06-28T14:00:53.448586+00:00,969r0,«Цунами»,weapon/submachine_gun,300000,399999,26.7,79999,8.3,100k–1M
2026-06-28T15:01:25.237281+00:00,1rl61,Хроносфера,misc,200000,262500,24.7,49375,493.0,100k–1M
2026-06-28T15:01:25.237281+00:00,y5yw,Гантель,artefact/gravity,4000000,4700000,11.6,465000,31.0,1–5M
2026-06-28T15:01:25.237281+00:00,4k5dr,Ретранслятор «Гамма»,other,240000,300000,18.8,45000,182.3,100k–1M
2026-06-28T15:01:25.237281+00:00,q1lk,Жабры,artefact/other_arts,390000,500000,21.8,85000,14.7,100k–1M
2026-06-28T15:01:25.237281+00:00,q10k,Звено,artefact/other_arts,210000,285000,28.9,60750,33.1,100k–1M
2026-06-28T15:01:25.237281+00:00,51l0,Харя,artefact/other_arts,390000,509000,24.0,93550,5.6,100k–1M
2026-06-28T15:01:25.237281+00:00,9n7z,Рубик,artefact/other_arts,1050000,1300000,17.6,185000,26.1,1–5M
2026-06-28T15:01:25.237281+00:00,04yr,Виток,artefact/biochemical,155000,199439,22.2,34467,9.8,100k–1M
2026-06-28T15:01:25.237281+00:00,rnvg,Шишка,artefact/thermal,220000,350000,51.1,112500,5.5,100k–1M
2026-06-28T16:02:04.714151+00:00,dr61j,Блок данных «Бета»,other,105000,141000,27.6,28950,681.5,100k–1M
2026-06-28T16:02:04.714151+00:00,wglp,Ветка Калины,artefact/thermal,699898,850000,15.4,107602,68.2,100k–1M
2026-06-28T16:02:04.714151+00:00,wgwz,Фаренгейт,artefact/thermal,285000,350000,16.7,47500,37.5,100k–1M
2026-06-28T16:02:04.714151+00:00,qo94,Куриный бог,artefact/thermal,200000,249999,18.7,37499,27.5,100k–1M
2026-06-28T16:02:04.714151+00:00,vjr47,«Der schwarze Tod»,other,250000,331665,26.0,65082,83.0,100k–1M
2026-06-28T16:02:04.714151+00:00,q2wk,Воздуховод,misc,550000,686388,18.6,102069,48.3,100k–1M
2026-06-28T16:02:04.714151+00:00,p6r3d,«Излишки»,other,100000,150000,42.5,42500,32.0,100k–1M
2026-06-28T16:02:04.714151+00:00,okvm5,«Ночная охота»,other,225000,290000,22.4,50500,34.6,100k–1M
2026-06-28T16:02:04.714151+00:00,0r32k,«Взгляд хищника»,other,185000,239999,23.2,42999,31.6,100k–1M
2026-06-28T16:02:04.714151+00:00,7lrr9,«Грех»,other,100010,150000,42.5,42490,28.3,100k–1M
2026-06-28T16:02:04.714151+00:00,o335,Контейнер «КЗС-2У»,containers,120000,188944,49.6,59497,16.3,100k–1M
2026-06-28T16:02:04.714151+00:00,969jz,Steyr AUG A2,weapon/assault_rifle,450000,588000,24.1,108600,15.8,100k–1M
2026-06-28T16:02:04.714151+00:00,rw27g,«Рапира»,weapon/assault_rifle,800000,999495,18.7,149520,7.7,100k–1M
2026-06-28T17:01:49.051549+00:00,vn507,Часть MG-34,misc,300000,375000,18.8,56250,252.6,100k–1M
2026-06-28T17:01:49.051549+00:00,ljn2,Морозец,artefact/thermal,20000000,23995000,14.0,2795250,5.1,5M+
2026-06-28T17:01:49.051549+00:00,7z77,Желе,artefact/other_arts,230000,370000,52.8,121500,14.6,100k–1M
2026-06-28T17:01:49.051549+00:00,lyl22,«Погоня»,other,325000,400000,16.9,55000,46.2,100k–1M
2026-06-28T17:01:49.051549+00:00,12r1,Рюкзак Errand Junior,backpacks,150000,188940,19.7,29493,49.2,100k–1M
2026-06-28T17:01:49.051549+00:00,0r32k,«Взгляд хищника»,other,140000,239999,62.9,87999,31.6,100k–1M
2026-06-28T17:01:49.051549+00:00,qokj,Тыква,artefact/gravity,200000,280000,33.0,66000,16.5,100k–1M
2026-06-28T17:01:49.051549+00:00,zj1k,Контейнер «Кега»,containers,500000,640000,21.6,108000,34.9,100k–1M
2026-06-28T17:01:49.051549+00:00,969r0,«Цунами»,weapon/submachine_gun,300000,399999,26.7,79999,8.2,100k–1M
2026-06-28T18:00:55.124699+00:00,qoq6,Солнце,artefact/thermal,165000,200000,15.2,25000,297.8,100k–1M
2026-06-28T18:00:55.124699+00:00,gyq5,Спираль,artefact/electrophysical,300000,400000,26.7,80000,74.7,100k–1M
2026-06-28T18:00:55.124699+00:00,w4jo,Черная дыра,artefact/other_arts,140000,170000,15.4,21500,76.6,100k–1M
2026-06-28T18:00:55.124699+00:00,gy06,Ершик,artefact/biochemical,147777,179500,15.4,22748,63.1,100k–1M
2026-06-28T18:00:55.124699+00:00,kqoj,Каблук,artefact/thermal,2000000,2700000,28.2,565000,10.2,1–5M
2026-06-28T18:00:55.124699+00:00,vn507,Часть MG-34,misc,260000,349995,27.9,72495,242.8,100k–1M
2026-06-28T18:00:55.124699+00:00,5rzo,Корка,artefact/thermal,550000,700000,20.9,115000,5.0,100k–1M
2026-06-28T18:00:55.124699+00:00,okvm5,«Ночная охота»,other,180000,290000,53.1,95500,33.9,100k–1M
2026-06-28T19:00:56.561990+00:00,vnqnd,Экранированный схрон мастера,other,150000,199800,26.5,39810,7536.2,100k–1M
2026-06-28T19:00:56.561990+00:00,kqr0,Гелий,artefact/electrophysical,1199999,1400000,10.8,130001,50.9,1–5M
2026-06-28T19:00:56.561990+00:00,w4jo,Черная дыра,artefact/other_arts,1100000,1275000,10.1,111250,12.0,1–5M
2026-06-28T19:00:56.561990+00:00,j3p6,Смольник,artefact/other_arts,625000,760000,15.5,97000,37.6,100k–1M
2026-06-28T19:00:56.561990+00:00,q1lk,Жабры,artefact/other_arts,1800000,2099999,10.8,194999,28.3,1–5M
2026-06-28T19:00:56.561990+00:00,7z77,Желе,artefact/other_arts,160000,360000,113.8,182000,12.4,100k–1M
2026-06-28T19:00:56.561990+00:00,k3rv,Чертов еж,artefact/other_arts,100000,140000,33.0,33000,32.3,100k–1M
2026-06-28T19:00:56.561990+00:00,51l0,Харя,artefact/other_arts,390000,504500,22.9,89275,6.2,100k–1M
2026-06-28T19:00:56.561990+00:00,9n7z,Рубик,artefact/other_arts,1100000,1290000,11.4,125500,27.0,1–5M
2026-06-28T19:00:56.561990+00:00,okvm5,«Ночная охота»,other,145600,290000,89.2,129900,33.4,100k–1M
2026-06-28T19:00:56.561990+00:00,qokj,Тыква,artefact/gravity,158000,280000,68.4,108000,17.3,100k–1M
2026-06-28T19:00:56.561990+00:00,rnvg,Шишка,artefact/thermal,280000,350000,18.8,52500,5.5,100k–1M
2026-06-28T19:00:56.561990+00:00,5rm0,Ключик,artefact/other_arts,170000,250000,39.7,67500,6.4,100k–1M
2026-06-28T19:58:53.436534+00:00,gyq5,Спираль,artefact/electrophysical,194440,250000,22.1,43060,216.4,100k–1M
2026-06-28T19:58:53.436534+00:00,jkq7,Магма,artefact/thermal,219990,274500,18.5,40785,52.3,100k–1M
2026-06-28T19:58:53.436534+00:00,qo94,Куриный бог,artefact/thermal,200000,249000,18.3,36550,36.1,100k–1M
2026-06-28T19:58:53.436534+00:00,12r1,Рюкзак Errand Junior,backpacks,130000,182500,33.4,43375,50.0,100k–1M
2026-06-28T19:58:53.436534+00:00,rnvg,Шишка,artefact/thermal,130000,162495,18.7,24370,8.0,100k–1M
2026-06-28T19:58:53.436534+00:00,96ngz,Продвинутый ОЗК,armor/scientist,200000,249500,18.5,37025,23.6,100k–1M
2026-06-28T23:48:23.143678+00:00,vnqnd,Экранированный схрон мастера,other,150000,195000,23.5,35250,1306.1,100k–1M
2026-06-28T23:48:23.143678+00:00,kqoj,Каблук,artefact/thermal,1500000,1980000,25.4,381000,32.2,1–5M
2026-06-28T23:48:23.143678+00:00,j3p6,Смольник,artefact/other_arts,100100,130000,23.4,23400,9.3,100k–1M
2026-06-28T23:48:23.143678+00:00,5lnp0,СОК-94,weapon/sniper_rifle,133333,200000,42.5,56667,252.0,100k–1M
2026-06-28T23:48:23.143678+00:00,qo94,Куриный бог,artefact/thermal,200000,249000,18.3,36550,35.2,100k–1M
2026-06-28T23:48:23.143678+00:00,k3rv,Чертов еж,artefact/other_arts,100000,140000,33.0,33000,30.7,100k–1M
2026-06-28T23:48:23.143678+00:00,w4no,Канифоль,artefact/other_arts,1300000,1600000,16.9,220000,20.0,1–5M
2026-06-28T23:48:23.143678+00:00,51l0,Харя,artefact/other_arts,311111,504500,54.1,168164,5.7,100k–1M
2026-06-28T23:48:23.143678+00:00,okvm5,«Ночная охота»,other,150000,290000,83.7,125500,36.8,100k–1M
2026-06-28T23:48:23.143678+00:00,qokj,Тыква,artefact/gravity,122222,150000,16.6,20278,5.4,100k–1M
2026-06-28T23:48:23.143678+00:00,969r0,«Цунами»,weapon/submachine_gun,299990,392500,24.3,72885,8.7,100k–1M
2026-06-28T23:48:23.143678+00:00,5lr4q,Защитный бронекостюм «Йорш»,armor/combat,1800000,2100000,10.8,195000,6.2,1–5M
2026-06-29T06:00:55.551445+00:00,vnqnd,Экранированный схрон мастера,other,150000,199990,26.7,39990,540.5,100k–1M
2026-06-29T06:00:55.551445+00:00,w4jo,Черная дыра,artefact/other_arts,115000,145000,19.8,22750,25.2,100k–1M
2026-06-29T06:00:55.551445+00:00,k3yv,Обруч,artefact/other_arts,1000000,1250000,18.8,187500,5.8,1–5M
2026-06-29T06:00:55.551445+00:00,5rzo,Корка,artefact/thermal,1100000,1400000,20.9,230000,41.6,1–5M
2026-06-29T06:00:55.551445+00:00,j306,Всполох,artefact/other_arts,3900000,4600000,12.1,470000,17.0,1–5M
2026-06-29T06:00:55.551445+00:00,qo94,Куриный бог,artefact/thermal,198000,249999,19.9,39499,27.1,100k–1M
2026-06-29T06:00:55.551445+00:00,k3rv,Чертов еж,artefact/other_arts,100000,140000,33.0,33000,25.4,100k–1M
2026-06-29T06:00:55.551445+00:00,jkml,Глаз бури,artefact/thermal,169999,210000,17.4,29501,7.6,100k–1M
2026-06-29T06:00:55.551445+00:00,lj0j,Катушка,artefact/electrophysical,199990,265275,26.0,52021,39.7,100k–1M
2026-06-29T06:00:55.551445+00:00,51l0,Харя,artefact/other_arts,311111,500000,52.7,163889,5.4,100k–1M
2026-06-29T06:00:55.551445+00:00,okvm5,«Ночная охота»,other,170000,280000,56.5,96000,35.6,100k–1M
2026-06-29T06:00:55.551445+00:00,969r0,«Цунами»,weapon/submachine_gun,299990,392500,24.3,72885,8.7,100k–1M
2026-06-29T06:00:55.551445+00:00,5lr4q,Защитный бронекостюм «Йорш»,armor/combat,1800000,2100000,10.8,195000,6.2,1–5M
2026-06-29T07:00:56.508814+00:00,kqgy,Браслет,artefact/gravity,450000,820000,73.1,329000,12.6,100k–1M
2026-06-29T07:00:56.508814+00:00,wglp,Ветка Калины,artefact/thermal,1900000,2300000,15.0,285000,52.3,1–5M
2026-06-29T07:00:56.508814+00:00,5rg1,Проклятая роза,artefact/gravity,3215000,3900000,15.2,490000,6.6,1–5M
2026-06-29T07:00:56.508814+00:00,3gn5g,ТКБ-0146М,weapon/assault_rifle,320000,410000,21.7,69500,80.0,100k–1M
2026-06-29T07:00:56.508814+00:00,jkq7,Магма,artefact/thermal,127677,164950,22.7,29026,5.1,100k–1M
2026-06-29T07:00:56.508814+00:00,qokj,Тыква,artefact/gravity,230000,278888,15.2,34943,17.6,100k–1M
2026-06-29T08:00:52.556089+00:00,5rg1,Проклятая роза,artefact/gravity,2990000,3900000,23.9,715000,6.6,1–5M
2026-06-29T08:00:52.556089+00:00,y5w3,Призма,artefact/electrophysical,199990,256000,21.6,43210,38.5,100k–1M
2026-06-29T08:00:52.556089+00:00,m02wr,«Сбой»,other,2555444,2999990,11.5,294546,10.4,1–5M
2026-06-29T08:00:52.556089+00:00,m0jyj,Премиум на 1 день,other,1500000,1799884,14.0,209889,8.2,1–5M
2026-06-29T09:01:04.335591+00:00,ljpq,Многогранник,artefact/biochemical,1500000,1798000,13.9,208100,16.4,1–5M
2026-06-29T09:01:04.335591+00:00,qo94,Куриный бог,artefact/thermal,195000,249000,21.3,41550,27.3,100k–1M
2026-06-29T09:01:04.335591+00:00,1rdnq,ДП,weapon/machine_gun,110000,140000,20.9,23000,75.0,100k–1M
2026-06-29T09:01:04.335591+00:00,jkml,Глаз бури,artefact/thermal,169999,210000,17.4,29501,7.6,100k–1M
2026-06-29T09:01:04.335591+00:00,lj0j,Катушка,artefact/electrophysical,199990,280000,33.0,66010,32.0,100k–1M
2026-06-29T09:01:04.335591+00:00,2o4km,«Опаленный»,other,150000,188777,19.6,29338,38.7,100k–1M
2026-06-29T09:01:04.335591+00:00,3g7wg,Прицел коллиматорный DM,attachment/collimator_sights,820000,999999,15.9,129999,19.2,100k–1M
2026-06-29T09:01:04.335591+00:00,gmy0,Очищающий реагент,misc,600000,863500,36.7,220325,7.6,100k–1M
2026-06-29T10:00:51.325325+00:00,y5w3,Призма,artefact/electrophysical,1000000,1400000,33.0,330000,15.6,1–5M
2026-06-29T10:00:51.325325+00:00,j306,Всполох,artefact/other_arts,230000,289000,19.4,44550,24.7,100k–1M
2026-06-29T10:00:51.325325+00:00,qo94,Куриный бог,artefact/thermal,122222,165000,28.3,34528,11.2,100k–1M
2026-06-29T10:00:51.325325+00:00,2o4km,«Опаленный»,other,140000,188777,28.1,39338,38.7,100k–1M
2026-06-29T10:00:51.325325+00:00,04yr,Виток,artefact/biochemical,159999,195000,15.8,25251,9.2,100k–1M
2026-06-29T11:00:56.817857+00:00,4k5dr,Ретранслятор «Гамма»,other,216667,290000,27.2,58833,160.9,100k–1M
2026-06-29T11:00:56.817857+00:00,qo94,Куриный бог,artefact/thermal,111111,165000,41.1,45639,11.2,100k–1M
2026-06-29T11:00:56.817857+00:00,969r0,«Цунами»,weapon/submachine_gun,300000,389500,23.3,70025,8.4,100k–1M
2026-06-29T12:00:53.028715+00:00,kqr0,Гелий,artefact/electrophysical,1150000,1345000,11.1,127750,29.7,1–5M
2026-06-29T12:00:53.028715+00:00,y5w3,Призма,artefact/electrophysical,200000,250000,18.8,37500,38.2,100k–1M
2026-06-29T12:00:53.028715+00:00,7z77,Желе,artefact/other_arts,100000,130000,23.5,23500,14.1,100k–1M
2026-06-29T12:00:53.028715+00:00,2oddv,«Образец S110»,other,240000,388888,53.9,129444,106.8,100k–1M
2026-06-29T12:00:53.028715+00:00,7lrr9,«Грех»,other,120000,150000,18.8,22500,27.1,100k–1M
2026-06-29T12:00:53.028715+00:00,o335,Контейнер «КЗС-2У»,containers,150000,189450,20.0,29978,16.3,100k–1M
2026-06-29T13:00:51.933785+00:00,vnqnd,Экранированный схрон мастера,other,120000,199990,58.3,69990,2807.2,100k–1M
2026-06-29T13:00:51.933785+00:00,q10k,Звено,artefact/other_arts,130000,174500,27.5,35775,7.2,100k–1M
2026-06-29T13:00:51.933785+00:00,y5ro,Яйцо,artefact/other_arts,100000,175000,66.2,66250,18.8,100k–1M
2026-06-29T13:00:51.933785+00:00,qokj,Тыква,artefact/gravity,199990,270000,28.3,56510,18.6,100k–1M
2026-06-29T13:00:51.933785+00:00,3grn1,«Спасатель»,other,250000,310000,17.8,44500,24.4,100k–1M
2026-06-29T13:00:51.933785+00:00,gmy0,Очищающий реагент,misc,700000,863500,17.2,120325,7.7,100k–1M
2026-06-29T14:00:52.646594+00:00,gy06,Ершик,artefact/biochemical,1250000,1450000,10.2,127500,30.4,1–5M
2026-06-29T14:00:52.646594+00:00,wgwz,Фаренгейт,artefact/thermal,7500000,8699999,10.2,764999,18.9,5M+
2026-06-29T14:00:52.646594+00:00,jky6,Изюм,artefact/other_arts,280000,374500,27.1,75775,9.5,100k–1M
2026-06-29T14:00:52.646594+00:00,qo94,Куриный бог,artefact/thermal,100000,165000,56.8,56750,11.2,100k–1M
2026-06-29T14:00:52.646594+00:00,jkml,Глаз бури,artefact/thermal,160000,200000,18.8,30000,5.1,100k–1M
2026-06-29T14:40:09.886044+00:00,kqgy,Браслет,artefact/gravity,799999,1000000,18.8,150001,40.9,100k–1M
2026-06-29T15:01:00.846566+00:00,gy06,Ершик,artefact/biochemical,1350000,1588888,11.8,159444,12.9,1–5M
2026-06-29T15:01:00.846566+00:00,qo94,Куриный бог,artefact/thermal,150000,240000,52.0,78000,30.2,100k–1M
2026-06-29T15:01:00.846566+00:00,qj253,Chiappa Triple Crown,weapon/shotgun_rifle,305000,376000,17.1,52200,96.6,100k–1M
2026-06-29T15:01:00.846566+00:00,1r7v1,IMI Mini Uzi,weapon/submachine_gun,145000,195000,27.8,40250,30.2,100k–1M
2026-06-29T16:00:56.004477+00:00,rn1z,Опал,artefact/thermal,200000,249999,18.7,37499,9.6,100k–1M
2026-06-29T16:00:56.004477+00:00,q10k,Звено,artefact/other_arts,125000,179000,36.0,45050,6.8,100k–1M
2026-06-29T16:00:56.004477+00:00,2oddv,«Образец S110»,other,288888,355555,16.9,48889,100.7,100k–1M
2026-06-29T16:00:56.004477+00:00,p6rm6,ППШ,weapon/submachine_gun,220000,272500,17.7,38875,63.3,100k–1M
2026-06-29T16:00:56.004477+00:00,9627w,«Горнило»,other,170000,210000,17.4,29500,47.5,100k–1M
2026-06-29T16:00:56.004477+00:00,4lpo,Статик,artefact/gravity,140000,170000,15.4,21500,9.0,100k–1M
2026-06-29T17:00:51.336252+00:00,kqgy,Браслет,artefact/gravity,1100000,1349000,16.5,181550,57.8,1–5M
2026-06-29T17:00:51.336252+00:00,gy06,Ершик,artefact/biochemical,3000000,3600000,14.0,420000,29.6,1–5M
2026-06-29T17:00:51.336252+00:00,wgwz,Фаренгейт,artefact/thermal,7111111,8499999,13.6,963888,13.3,5M+
2026-06-29T17:00:51.336252+00:00,jkml,Глаз бури,artefact/thermal,150000,200000,26.7,40000,5.6,100k–1M
2026-06-29T17:00:51.336252+00:00,2o4km,«Опаленный»,other,155000,189388,16.1,24919,44.7,100k–1M
2026-06-29T17:00:51.336252+00:00,9627w,«Горнило»,other,145000,210000,37.6,54500,47.2,100k–1M
2026-06-29T17:00:51.336252+00:00,7lrr9,«Грех»,other,110000,150000,29.5,32500,31.4,100k–1M
2026-06-29T17:00:51.336252+00:00,zz939,ДТК «Вихрь»,attachment/barrel,169000,215556,21.2,35778,12.3,100k–1M
2026-06-29T18:00:57.670117+00:00,4lml,Змеиный глаз,artefact/biochemical,147000,179999,16.3,23999,121.3,100k–1M
2026-06-29T18:00:57.670117+00:00,qo94,Куриный бог,artefact/thermal,100000,172500,63.9,63875,9.6,100k–1M
2026-06-29T18:00:57.670117+00:00,7lrr9,«Грех»,other,100000,150000,42.5,42500,31.0,100k–1M
2026-06-29T18:00:57.670117+00:00,7lrn9,«Турист»,other,130000,180000,31.5,41000,12.9,100k–1M
2026-06-29T19:00:52.700688+00:00,5lv9o,Прицел оптический Sig Sauer,attachment/collimator_sights,220000,270000,16.6,36500,279.1,100k–1M
2026-06-29T19:00:52.700688+00:00,j3p6,Смольник,artefact/other_arts,200000,250000,18.8,37500,10.7,100k–1M
2026-06-29T19:00:52.700688+00:00,y5w3,Призма,artefact/electrophysical,1100000,1350000,16.6,182500,23.5,1–5M
2026-06-29T19:00:52.700688+00:00,y359o,Тяжелый бронекостюм «Туманный охотник»,armor/combat,400000,519450,23.4,93478,262.5,100k–1M
2026-06-29T19:00:52.700688+00:00,2oddv,«Образец S110»,other,200000,350000,66.2,132500,95.1,100k–1M
2026-06-29T19:00:52.700688+00:00,y3mz3,Барабанный магазин ППШ,attachment/mag,110000,154995,33.9,37245,80.2,100k–1M
2026-06-29T19:00:52.700688+00:00,6wrrn,«Посейдон»,other,140000,180000,22.1,31000,22.3,100k–1M
2026-06-29T20:00:50.867338+00:00,vnqnd,Экранированный схрон мастера,other,145000,190000,24.5,35500,6369.0,100k–1M
2026-06-29T20:00:50.867338+00:00,y5k0,Вихрь,artefact/thermal,800000,990000,17.6,140500,75.8,100k–1M
2026-06-29T20:00:50.867338+00:00,5lnp0,СОК-94,weapon/sniper_rifle,150000,190000,20.3,30500,357.6,100k–1M
2026-06-29T20:00:50.867338+00:00,qo94,Куриный бог,artefact/thermal,170000,235000,31.3,53250,34.2,100k–1M
2026-06-29T20:00:50.867338+00:00,w3zj3,Модифицированная аномальная батарея,other,1500000,1800000,14.0,210000,74.0,1–5M
2026-06-29T20:00:50.867338+00:00,q10k,Звено,artefact/other_arts,122220,179000,39.1,47830,6.5,100k–1M
2026-06-29T20:00:50.867338+00:00,dmqqg,«Презренный»,other,150000,190000,20.3,30500,48.3,100k–1M
2026-06-29T20:00:50.867338+00:00,2o4km,«Опаленный»,other,110000,189388,63.6,69919,46.7,100k–1M
2026-06-29T20:00:50.867338+00:00,1r7v1,IMI Mini Uzi,weapon/submachine_gun,150000,189999,20.3,30499,38.1,100k–1M
2026-06-29T20:00:50.867338+00:00,m02wr,«Сбой»,other,2500000,2970000,12.9,321500,10.1,1–5M
2026-06-29T20:59:14.661786+00:00,gyq5,Спираль,artefact/electrophysical,450000,598990,26.5,119040,69.0,100k–1M
2026-06-29T20:59:14.661786+00:00,5rzo,Корка,artefact/thermal,700000,1000000,35.7,250000,144.1,100k–1M
2026-06-29T20:59:14.661786+00:00,6g5n,Контейнер «Бидон-У»,containers,100000,140000,33.0,33000,116.9,100k–1M
2026-06-29T20:59:14.661786+00:00,jkml,Глаз бури,artefact/thermal,144444,200000,31.5,45556,5.6,100k–1M
2026-06-29T20:59:14.661786+00:00,12r1,Рюкзак Errand Junior,backpacks,130000,164000,19.8,25800,65.0,100k–1M
2026-06-29T20:59:14.661786+00:00,n4pm9,«Блаженная жатва»,other,150000,231665,46.7,70082,40.3,100k–1M
2026-06-29T20:59:14.661786+00:00,9627w,«Горнило»,other,139999,200000,35.7,50001,52.3,100k–1M
2026-06-29T20:59:14.661786+00:00,rnvg,Шишка,artefact/thermal,7000000,9000000,22.1,1550000,6.5,5M+
2026-06-29T20:59:14.661786+00:00,qjg24,Саперная лопата,weapon/melee,149999,189000,19.7,29551,9.1,100k–1M
2026-06-30T06:00:54.234903+00:00,vnqnd,Экранированный схрон мастера,other,140000,198500,34.7,48575,375.1,100k–1M
2026-06-30T06:00:54.234903+00:00,ljpq,Многогранник,artefact/biochemical,155000,200000,22.6,35000,52.7,100k–1M
2026-06-30T06:00:54.234903+00:00,5rzo,Корка,artefact/thermal,700000,1000000,35.7,250000,144.1,100k–1M
2026-06-30T06:00:54.234903+00:00,ljn2,Морозец,artefact/thermal,1200000,1700000,34.6,415000,31.2,1–5M
2026-06-30T06:00:54.234903+00:00,qo94,Куриный бог,artefact/thermal,110000,172500,49.0,53875,9.8,100k–1M
2026-06-30T06:00:54.234903+00:00,jkml,Глаз бури,artefact/thermal,229999,329500,36.1,83026,8.3,100k–1M
2026-06-30T06:00:54.234903+00:00,2oddv,«Образец S110»,other,279000,350000,19.2,53500,69.3,100k–1M
2026-06-30T06:00:54.234903+00:00,2o4km,«Опаленный»,other,100000,189388,79.9,79919,40.9,100k–1M
2026-06-30T06:00:54.234903+00:00,n4pm9,«Блаженная жатва»,other,150000,240000,52.0,78000,37.7,100k–1M
2026-06-30T06:00:54.234903+00:00,9627w,«Горнило»,other,135000,200000,40.7,55000,54.8,100k–1M
2026-06-30T06:00:54.234903+00:00,m016r,CCA-Zephyr,other,5199999,6110556,11.6,605029,29.7,5M+
2026-06-30T06:00:54.234903+00:00,rwz2z,Русский штык,weapon/melee,150000,185000,17.2,25750,29.3,100k–1M
2026-06-30T06:00:54.234903+00:00,7lrr9,«Грех»,other,100000,150000,42.5,42500,30.6,100k–1M
2026-06-30T06:00:54.234903+00:00,j5z74,«Миротворец»,other,200000,249995,18.7,37495,21.3,100k–1M
2026-06-30T06:00:54.234903+00:00,vjmwg,Серия «Наследие Империи»,other,280000,350000,18.8,52500,18.9,100k–1M
2026-06-30T06:00:54.234903+00:00,5rm0,Ключик,artefact/other_arts,199999,250000,18.8,37501,6.5,100k–1M
2026-06-30T06:00:54.234903+00:00,o335,Контейнер «КЗС-2У»,containers,150000,188344,19.3,28927,17.8,100k–1M
2026-06-30T06:00:54.234903+00:00,vjrr7,«Дагон»,other,223000,300000,27.8,62000,13.6,100k–1M
2026-06-30T06:00:54.234903+00:00,7lrn9,«Турист»,other,120000,179000,41.7,50050,12.3,100k–1M
2026-06-30T07:00:55.088134+00:00,j306,Всполох,artefact/other_arts,2400000,2833325,12.2,291659,5.4,1–5M
2026-06-30T07:00:55.088134+00:00,qo94,Куриный бог,artefact/thermal,100000,172500,63.9,63875,9.8,100k–1M
2026-06-30T07:00:55.088134+00:00,g4205,Эргономичный магазин 5.56,attachment/mag,1700000,2000000,11.8,200000,72.6,1–5M
2026-06-30T07:00:55.088134+00:00,jkml,Глаз бури,artefact/thermal,144444,200000,31.5,45556,5.4,100k–1M
2026-06-30T07:00:55.088134+00:00,2oddv,«Образец S110»,other,260000,350000,27.9,72500,69.3,100k–1M
2026-06-30T07:00:55.088134+00:00,n4pm9,«Блаженная жатва»,other,111110,240000,105.2,116890,37.7,100k–1M
2026-06-30T07:00:55.088134+00:00,0r32k,«Взгляд хищника»,other,180000,220000,16.1,29000,29.0,100k–1M
2026-06-30T07:00:55.088134+00:00,rwz2z,Русский штык,weapon/melee,100000,184950,75.7,75702,29.1,100k–1M
2026-06-30T07:00:55.088134+00:00,7lrn9,«Турист»,other,111111,179000,53.0,58939,12.3,100k–1M
2026-06-30T08:46:47.651710+00:00,4lml,Змеиный глаз,artefact/biochemical,1070000,1290000,14.5,155500,102.7,1–5M
2026-06-30T08:46:47.651710+00:00,kqgy,Браслет,artefact/gravity,1600000,1949999,15.8,252499,9.9,1–5M
2026-06-30T08:46:47.651710+00:00,gyq5,Спираль,artefact/electrophysical,280000,350000,18.8,52500,67.3,100k–1M
2026-06-30T08:46:47.651710+00:00,wg53,Атом,artefact/electrophysical,350000,450000,22.1,77500,57.4,100k–1M
2026-06-30T08:46:47.651710+00:00,zjzn,Полено,artefact/other_arts,4600000,5500000,13.6,625000,19.1,1–5M
2026-06-30T08:46:47.651710+00:00,5lnp0,СОК-94,weapon/sniper_rifle,150000,190000,20.3,30500,162.9,100k–1M
2026-06-30T08:46:47.651710+00:00,969r0,«Цунами»,weapon/submachine_gun,300000,390000,23.5,70500,9.6,100k–1M
2026-06-30T09:00:54.811240+00:00,kqgy,Браслет,artefact/gravity,1499999,1949999,23.5,352500,9.9,1–5M
2026-06-30T09:00:54.811240+00:00,49zn,Нервяк,artefact/other_arts,1899990,2200000,10.0,190010,56.7,1–5M
2026-06-30T09:00:54.811240+00:00,j3p6,Смольник,artefact/other_arts,500000,679000,29.0,145050,19.1,100k–1M
2026-06-30T09:00:54.811240+00:00,wg53,Атом,artefact/electrophysical,320000,450000,33.6,107500,56.4,100k–1M
2026-06-30T09:00:54.811240+00:00,g34p,Юла,artefact/biochemical,100000,124990,18.7,18740,21.2,100k–1M
2026-06-30T09:00:54.811240+00:00,2o4km,«Опаленный»,other,144444,175880,15.7,22642,40.0,100k–1M
2026-06-30T09:00:54.811240+00:00,9627w,«Горнило»,other,150000,190000,20.3,30500,54.4,100k–1M
2026-06-30T09:00:54.811240+00:00,vjmwg,Серия «Наследие Империи»,other,277777,350000,19.7,54723,18.2,100k–1M
2026-06-30T09:00:54.811240+00:00,5rm0,Ключик,artefact/other_arts,190000,250000,25.0,47500,6.3,100k–1M
2026-06-30T09:00:54.811240+00:00,o335,Контейнер «КЗС-2У»,containers,150000,188344,19.3,28927,17.8,100k–1M
2026-06-30T10:00:56.243209+00:00,jky6,Изюм,artefact/other_arts,230000,299999,23.9,54999,12.5,100k–1M
2026-06-30T10:00:56.243209+00:00,qo94,Куриный бог,artefact/thermal,110000,170000,46.8,51500,7.6,100k–1M
2026-06-30T10:00:56.243209+00:00,qj253,Chiappa Triple Crown,weapon/shotgun_rifle,300000,380000,20.3,61000,100.8,100k–1M
2026-06-30T10:00:56.243209+00:00,q1lk,Жабры,artefact/other_arts,1800000,2099999,10.8,194999,26.0,1–5M
2026-06-30T10:00:56.243209+00:00,qjomk,Тяжелый бронекостюм «Идущий в метели»,armor/combat,900000,1100000,16.1,145000,48.7,100k–1M
2026-06-30T10:00:56.243209+00:00,2oddv,«Образец S110»,other,250000,342500,30.1,75375,62.2,100k–1M
2026-06-30T10:00:56.243209+00:00,q2wk,Воздуховод,misc,500000,660000,25.4,127000,65.4,100k–1M
2026-06-30T10:00:56.243209+00:00,j5z74,«Миротворец»,other,200000,249995,18.7,37495,20.0,100k–1M
2026-06-30T10:00:56.243209+00:00,vjmwg,Серия «Наследие Империи»,other,250000,350000,33.0,82500,18.4,100k–1M
2026-06-30T10:00:56.243209+00:00,gmy0,Очищающий реагент,misc,650000,850000,24.2,157500,7.9,100k–1M
2026-06-30T11:00:53.374494+00:00,y5w3,Призма,artefact/electrophysical,1200000,1399495,10.8,129520,26.2,1–5M
2026-06-30T11:00:53.374494+00:00,g4mqp,АПС,weapon/pistol,140000,170000,15.4,21500,124.1,100k–1M
2026-06-30T11:00:53.374494+00:00,3g72l,Набор планок для ППШ,attachment/forend,120000,200000,58.3,70000,41.3,100k–1M
2026-06-30T11:00:53.374494+00:00,2o4km,«Опаленный»,other,115000,150000,23.9,27500,48.1,100k–1M
2026-06-30T11:00:53.374494+00:00,ok5wm,Эргономичный магазин 5.45,attachment/mag,900000,1100000,16.1,145000,52.1,100k–1M
2026-06-30T11:00:53.374494+00:00,vjmwg,Серия «Наследие Империи»,other,190000,350000,75.0,142500,19.3,100k–1M
2026-06-30T11:00:53.374494+00:00,gmy0,Очищающий реагент,misc,499990,850000,61.5,307510,7.8,100k–1M
2026-06-30T11:00:53.374494+00:00,969r0,«Цунами»,weapon/submachine_gun,275000,390000,34.7,95500,9.6,100k–1M
2026-06-30T12:00:53.039653+00:00,qoq6,Солнце,artefact/thermal,320000,400000,18.8,60000,6.4,100k–1M
2026-06-30T12:00:53.039653+00:00,w4jo,Черная дыра,artefact/other_arts,1700001,2000000,11.8,199999,118.2,1–5M
2026-06-30T12:00:53.039653+00:00,k3yv,Обруч,artefact/other_arts,110000,138500,19.6,21575,10.8,100k–1M
2026-06-30T12:00:53.039653+00:00,j306,Всполох,artefact/other_arts,1450000,1700000,11.4,165000,8.9,1–5M
2026-06-30T12:00:53.039653+00:00,ljn2,Морозец,artefact/thermal,550000,668330,15.4,84914,12.8,100k–1M
2026-06-30T12:00:53.039653+00:00,y3mz3,Барабанный магазин ППШ,attachment/mag,120000,168000,33.0,39600,54.7,100k–1M
2026-06-30T12:00:53.039653+00:00,j5z74,«Миротворец»,other,181220,249000,30.5,55330,20.0,100k–1M
2026-06-30T13:00:55.660865+00:00,wg53,Атом,artefact/electrophysical,340000,430000,20.1,68500,41.9,100k–1M
2026-06-30T13:00:55.660865+00:00,k3yv,Обруч,artefact/other_arts,100000,138500,31.6,31575,10.8,100k–1M
2026-06-30T13:00:55.660865+00:00,7lrr9,«Грех»,other,100000,136110,29.3,29304,27.8,100k–1M
2026-06-30T13:00:55.660865+00:00,g4mgp,IMI Micro Uzi,weapon/pistol,190000,240000,20.0,38000,16.2,100k–1M
2026-06-30T13:00:55.660865+00:00,5rm0,Ключик,artefact/other_arts,190000,250000,25.0,47500,6.0,100k–1M
2026-06-30T14:00:59.336843+00:00,wglp,Ветка Калины,artefact/thermal,650000,800000,16.9,110000,91.6,100k–1M
2026-06-30T14:00:59.336843+00:00,g34p,Юла,artefact/biochemical,100000,122494,16.4,16369,23.1,100k–1M
2026-06-30T14:00:59.336843+00:00,3g72l,Набор планок для ППШ,attachment/forend,150000,200000,26.7,40000,45.7,100k–1M
2026-06-30T14:00:59.336843+00:00,2oddv,«Образец S110»,other,240000,299999,18.7,44999,58.7,100k–1M
2026-06-30T14:00:59.336843+00:00,q2wk,Воздуховод,misc,500000,649994,23.5,117495,61.7,100k–1M
2026-06-30T14:00:59.336843+00:00,vjmwg,Серия «Наследие Империи»,other,210000,350000,58.3,122500,19.3,100k–1M
2026-06-30T15:00:53.879498+00:00,gyq5,Спираль,artefact/electrophysical,400000,499990,18.7,74990,12.0,100k–1M
2026-06-30T15:00:53.879498+00:00,y5yw,Гантель,artefact/gravity,110000,150000,29.5,32500,55.2,100k–1M
2026-06-30T15:00:53.879498+00:00,y5w3,Призма,artefact/electrophysical,1135000,1333333,11.6,131666,22.9,1–5M
2026-06-30T15:00:53.879498+00:00,51l0,Харя,artefact/other_arts,2400000,2800000,10.8,260000,10.3,1–5M
2026-06-30T15:00:53.879498+00:00,2odnv,«Плейбой»,other,130000,170000,24.2,31500,16.6,100k–1M
2026-06-30T15:00:53.879498+00:00,6wvqy,Прицел коллиматорный Панорама,attachment/collimator_sights,1400000,1702500,15.5,217375,12.6,1–5M
2026-06-30T15:00:53.879498+00:00,7lrn9,«Турист»,other,140000,170000,15.4,21500,13.1,100k–1M
2026-06-30T16:00:54.272386+00:00,ljpq,Многогранник,artefact/biochemical,189000,236720,19.0,35884,99.5,100k–1M
2026-06-30T16:00:54.272386+00:00,y5w3,Призма,artefact/electrophysical,305000,370000,15.2,46500,37.6,100k–1M
2026-06-30T16:00:54.272386+00:00,51l0,Харя,artefact/other_arts,2200000,2800000,20.9,460000,10.3,1–5M
2026-06-30T16:00:54.272386+00:00,y5ro,Яйцо,artefact/other_arts,360000,460000,21.4,77000,7.5,100k–1M
2026-06-30T16:00:54.272386+00:00,9627w,«Горнило»,other,150000,185000,17.2,25750,51.7,100k–1M
2026-06-30T16:00:54.272386+00:00,3grn1,«Спасатель»,other,233330,310000,26.2,61170,20.8,100k–1M
2026-06-30T16:00:54.272386+00:00,7lrn9,«Турист»,other,130000,170000,24.2,31500,13.3,100k–1M
2026-06-30T16:38:29.313608+00:00,k3yv,Обруч,artefact/other_arts,100000,137000,30.1,30150,9.7,100k–1M
2026-06-30T16:38:29.313608+00:00,2o4km,«Опаленный»,other,120000,149995,18.7,22495,45.6,100k–1M
2026-06-30T16:38:29.313608+00:00,y5ro,Яйцо,artefact/other_arts,140000,179000,21.5,30050,21.0,100k–1M
2026-06-30T16:38:29.313608+00:00,9627w,«Горнило»,other,125000,185000,40.6,50750,51.7,100k–1M
2026-06-30T16:38:29.313608+00:00,6wrrn,«Посейдон»,other,100000,190000,80.5,80500,20.3,100k–1M
2026-06-30T16:38:29.313608+00:00,rw4ry,Барабанный магазин 5.56 NATO EMAG,attachment/mag,1230000,1445000,11.6,142750,20.4,1–5M
2026-06-30T16:38:29.313608+00:00,5rm0,Ключик,artefact/other_arts,190000,250000,25.0,47500,5.9,100k–1M
2026-06-30T16:38:29.313608+00:00,g40mn,Серия «Служивый»,other,550000,669999,15.7,86499,16.5,100k–1M
2026-06-30T17:00:53.610707+00:00,dmjwn,HK416,weapon/assault_rifle,1150000,1390000,14.8,170500,96.9,1–5M
2026-06-30T17:00:53.610707+00:00,gy7p,Сетчатка,artefact/other_arts,1200000,1405556,11.3,135278,15.3,1–5M
2026-06-30T17:00:53.610707+00:00,3grn1,«Спасатель»,other,200000,310000,47.2,94500,20.6,100k–1M
2026-06-30T18:00:56.046336+00:00,gnpr5,Темный Лимб,other,116666,165500,34.8,40559,1191.3,100k–1M
2026-06-30T18:00:56.046336+00:00,kqgy,Браслет,artefact/gravity,200000,265000,25.9,51750,503.0,100k–1M
2026-06-30T18:00:56.046336+00:00,5rwq,Осколок,artefact/electrophysical,1400000,1650000,12.0,167500,90.6,1–5M
2026-06-30T18:00:56.046336+00:00,y5yw,Гантель,artefact/gravity,110000,145995,26.1,28695,71.5,100k–1M
2026-06-30T18:00:56.046336+00:00,y5k0,Вихрь,artefact/thermal,180000,245000,29.3,52750,143.7,100k–1M
2026-06-30T18:00:56.046336+00:00,51l0,Харя,artefact/other_arts,400000,555000,31.8,127250,10.1,100k–1M
2026-06-30T18:00:56.046336+00:00,q2wk,Воздуховод,misc,500000,640000,21.6,108000,70.5,100k–1M
2026-06-30T18:00:56.046336+00:00,3grn1,«Спасатель»,other,189000,307500,54.6,103125,21.2,100k–1M
2026-06-30T18:00:56.046336+00:00,vjmwg,Серия «Наследие Империи»,other,277777,350000,19.7,54723,19.8,100k–1M
2026-06-30T18:00:56.046336+00:00,g4mgp,IMI Micro Uzi,weapon/pistol,180000,241000,27.2,48950,15.9,100k–1M
2026-06-30T18:00:56.046336+00:00,2odnv,«Плейбой»,other,120000,170000,34.6,41500,16.4,100k–1M
2026-06-30T19:00:59.449862+00:00,4lml,Змеиный глаз,artefact/biochemical,130000,167000,22.0,28650,104.3,100k–1M
2026-06-30T19:00:59.449862+00:00,49zn,Нервяк,artefact/other_arts,300000,400000,26.7,80000,21.0,100k–1M
2026-06-30T19:00:59.449862+00:00,y5yw,Гантель,artefact/gravity,3800000,4400000,10.0,380000,49.8,1–5M
2026-06-30T19:00:59.449862+00:00,k3rv,Чертов еж,artefact/other_arts,9480000,10989999,10.1,960499,6.9,5M+
2026-06-30T19:00:59.449862+00:00,y3mz3,Барабанный магазин ППШ,attachment/mag,125000,179999,36.8,45999,65.1,100k–1M
2026-06-30T19:00:59.449862+00:00,y5ro,Яйцо,artefact/other_arts,360000,469500,23.9,86025,6.7,100k–1M
2026-06-30T19:00:59.449862+00:00,7lrr9,«Грех»,other,100000,130000,23.5,23500,29.3,100k–1M
2026-06-30T19:00:59.449862+00:00,969r0,«Цунами»,weapon/submachine_gun,300000,379495,20.2,60520,9.7,100k–1M
2026-06-30T20:00:50.929437+00:00,vnqnd,Экранированный схрон мастера,other,100000,200000,90.0,90000,826.4,100k–1M
2026-06-30T20:00:50.929437+00:00,5rg1,Проклятая роза,artefact/gravity,1999000,2450000,16.4,328500,23.2,1–5M
2026-06-30T20:00:50.929437+00:00,3g72l,Набор планок для ППШ,attachment/forend,120000,200000,58.3,70000,45.1,100k–1M
2026-06-30T20:00:50.929437+00:00,y5ro,Яйцо,artefact/other_arts,340000,450000,25.7,87500,7.0,100k–1M
2026-06-30T20:00:50.929437+00:00,qj379,«Контуженный»,other,220000,299990,29.5,64990,45.2,100k–1M
2026-06-30T20:00:50.929437+00:00,6wrrn,«Посейдон»,other,140000,190000,28.9,40500,20.0,100k–1M
2026-06-30T20:00:50.929437+00:00,2odnv,«Плейбой»,other,100000,170000,61.5,61500,16.4,100k–1M
2026-06-30T20:00:50.929437+00:00,g40mn,Серия «Служивый»,other,440000,669999,44.7,196499,16.8,100k–1M
